{"cameraMode":{"drawMode":0,"name":"Shaded","section":"Shading Mode"},"sceneLighting":false,"audioPlay":false,"sceneViewState":{"showFog":true,"showMaterialUpdate":true,"showSkybox":true,"showFlares":true,"showImageEffects":true,"showParticleSystems":true},"in2DMode":false,"pivot":{"x":8.859999656677246,"y":-1.0,"z":-10.350000381469727},"rotation":{"x":0.41841256618499758,"y":-0.0977790504693985,"z":0.045365091413259509,"w":0.9018388390541077},"size":4.389374732971191,"orthographic":false}