{"cameraMode":{"drawMode":0,"name":"Shaded","section":"Shading Mode"},"sceneLighting":false,"audioPlay":false,"sceneViewState":{"showFog":true,"showMaterialUpdate":true,"showSkybox":true,"showFlares":true,"showImageEffects":true,"showParticleSystems":true},"in2DMode":false,"pivot":{"x":9.776067733764649,"y":0.8319087624549866,"z":9.444683074951172},"rotation":{"x":0.022286972030997278,"y":-0.8341860771179199,"z":0.03380301967263222,"w":0.5499944090843201},"size":1.4358397722244263,"orthographic":true}