{"cameraMode":{"drawMode":0,"name":"Shaded","section":"Shading Mode"},"sceneLighting":false,"audioPlay":false,"sceneViewState":{"showFog":true,"showMaterialUpdate":true,"showSkybox":true,"showFlares":true,"showImageEffects":true,"showParticleSystems":true},"in2DMode":false,"pivot":{"x":5.658475875854492,"y":1.261082649230957,"z":0.8050427436828613},"rotation":{"x":0.21339577436447144,"y":-0.7710872888565064,"z":0.3272823691368103,"w":0.5027665495872498},"size":11.949684143066407,"orthographic":false}