{"cameraMode":{"drawMode":0,"name":"Shaded","section":"Shading Mode"},"sceneLighting":false,"audioPlay":false,"sceneViewState":{"showFog":true,"showMaterialUpdate":true,"showSkybox":true,"showFlares":true,"showImageEffects":true,"showParticleSystems":true},"in2DMode":false,"pivot":{"x":-4.456679344177246,"y":12.853586196899414,"z":16.012115478515626},"rotation":{"x":0.08870498090982437,"y":-0.8915814161300659,"z":0.19927948713302613,"w":0.3968691825866699},"size":10.90000057220459,"orthographic":false}