{"cameraMode":{"drawMode":0,"name":"Shaded","section":"Shading Mode"},"sceneLighting":false,"audioPlay":false,"sceneViewState":{"showFog":true,"showMaterialUpdate":true,"showSkybox":true,"showFlares":true,"showImageEffects":true,"showParticleSystems":true},"in2DMode":false,"pivot":{"x":7.859666347503662,"y":4.68984317779541,"z":-12.881261825561524},"rotation":{"x":0.41841256618499758,"y":-0.0977790504693985,"z":0.045365091413259509,"w":0.9018388390541077},"size":6.153923034667969,"orthographic":false}